Runtime;Computationaltime;Backtracks;;;;Mean
3.995.902;3.991.914;0;;;;6.006.999
3.999.841;3.996.211;0;;;;
4.003.792;4.000.150;0;;;;
4.007.709;4.004.148;0;;;;
4.011.656;4.008.013;0;;;;
4.015.525;4.011.978;0;;;;
4.019.431;4.015.853;0;;;;
4.023.759;4.019.817;0;;;;
4.027.829;4.024.079;0;;;;
4.031.708;4.028.130;0;;;;
4.035.599;4.032.011;0;;;;
4.039.655;4.035.926;0;;;;
4.043.696;4.039.989;0;;;;
4.047.592;4.044.032;0;;;;
4.051.384;4.047.908;0;;;;
4.055.331;4.051.683;0;;;;
4.059.347;4.055.665;0;;;;
4.063.227;4.059.731;0;;;;
4.067.096;4.063.515;0;;;;
4.070.865;4.067.386;0;;;;
4.074.990;4.071.236;0;;;;
4.078.818;4.075.311;0;;;;
4.082.655;4.079.113;0;;;;
4.086.456;4.082.945;0;;;;
4.090.379;4.086.771;0;;;;
4.094.328;4.090.669;0;;;;
4.098.366;4.094.662;0;;;;
4.102.373;4.098.669;0;;;;
4.106.165;4.102.672;0;;;;
4.109.912;4.106.453;0;;;;
4.113.892;4.110.234;0;;;;
4.117.706;4.114.194;0;;;;
4.121.642;4.118.026;0;;;;
4.125.551;4.121.929;0;;;;
4.129.395;4.125.832;0;;;;
4.133.464;4.129.810;0;;;;
4.137.426;4.133.765;0;;;;
4.141.331;4.137.732;0;;;;
4.145.270;4.141.682;0;;;;
4.149.297;4.145.587;0;;;;
4.153.283;4.149.668;0;;;;
4.157.292;4.153.609;0;;;;
4.161.329;4.157.642;0;;;;
4.165.495;4.161.661;0;;;;
4.169.345;4.165.807;0;;;;
4.173.437;4.169.665;0;;;;
4.177.385;4.173.776;0;;;;
4.181.252;4.177.692;0;;;;
4.185.201;4.181.541;0;;;;
4.189.139;4.185.525;0;;;;
4.192.948;4.189.430;0;;;;
4.196.879;4.193.263;0;;;;
4.200.683;4.197.176;0;;;;
4.204.550;4.200.984;0;;;;
4.208.461;4.204.838;0;;;;
4.212.484;4.208.753;0;;;;
4.216.391;4.212.771;0;;;;
4.220.257;4.216.670;0;;;;
4.224.238;4.220.571;0;;;;
4.228.134;4.224.553;0;;;;
4.232.043;4.228.472;0;;;;
4.236.073;4.232.345;0;;;;
4.239.948;4.236.362;0;;;;
4.244.091;4.240.317;0;;;;
4.248.098;4.244.441;0;;;;
4.252.069;4.248.400;0;;;;
4.256.055;4.252.370;0;;;;
4.260.053;4.256.359;0;;;;
4.263.887;4.260.344;0;;;;
4.267.677;4.264.185;0;;;;
4.271.440;4.267.969;0;;;;
4.275.489;4.271.749;0;;;;
4.279.352;4.275.788;0;;;;
4.283.189;4.279.657;0;;;;
4.287.102;4.283.503;0;;;;
4.290.998;4.287.411;0;;;;
4.294.906;4.291.302;0;;;;
4.298.696;4.295.195;0;;;;
4.302.693;4.298.999;0;;;;
4.306.666;4.303.038;0;;;;
4.310.527;4.306.973;0;;;;
4.314.308;4.310.843;0;;;;
4.318.291;4.314.610;0;;;;
4.322.185;4.318.627;0;;;;
4.326.163;4.322.486;0;;;;
4.330.058;4.326.473;0;;;;
4.333.939;4.330.340;0;;;;
4.337.770;4.334.221;0;;;;
4.341.809;4.338.088;0;;;;
4.345.767;4.342.118;0;;;;
4.349.581;4.346.066;0;;;;
4.353.455;4.349.907;0;;;;
4.357.463;4.353.771;0;;;;
4.361.327;4.357.752;0;;;;
4.365.229;4.361.616;0;;;;
4.369.096;4.365.544;0;;;;
4.373.114;4.369.415;0;;;;
4.376.975;4.373.397;0;;;;
4.380.883;4.377.282;0;;;;
4.384.812;4.381.206;0;;;;
4.388.706;4.385.107;0;;;;
4.393.470;4.389.088;0;;;;
4.397.388;4.393.757;0;;;;
4.401.554;4.397.708;0;;;;
4.405.679;4.401.878;0;;;;
4.409.515;4.405.984;0;;;;
4.413.636;4.409.821;0;;;;
4.417.467;4.413.907;0;;;;
4.421.633;4.417.769;0;;;;
4.425.504;4.421.944;0;;;;
4.429.537;4.425.789;0;;;;
4.433.562;4.429.860;0;;;;
4.437.330;4.433.851;0;;;;
4.441.291;4.437.628;0;;;;
4.445.234;4.441.607;0;;;;
4.449.413;4.445.594;0;;;;
4.453.301;4.449.693;0;;;;
4.457.410;4.453.636;0;;;;
4.461.723;4.457.766;0;;;;
4.465.740;4.462.034;0;;;;
4.469.848;4.466.152;0;;;;
4.473.800;4.470.169;0;;;;
4.478.004;4.474.111;0;;;;
4.482.212;4.478.338;0;;;;
4.486.245;4.482.538;0;;;;
4.490.401;4.486.659;0;;;;
4.494.417;4.490.775;0;;;;
4.498.612;4.494.709;0;;;;
4.502.687;4.498.940;0;;;;
4.507.483;4.503.151;0;;;;
4.511.596;4.507.845;0;;;;
4.515.490;4.511.919;0;;;;
4.519.558;4.515.844;0;;;;
4.523.494;4.519.860;0;;;;
4.527.500;4.523.812;0;;;;
4.531.587;4.527.823;0;;;;
4.535.565;4.531.923;0;;;;
4.539.537;4.535.863;0;;;;
4.543.557;4.539.882;0;;;;
4.547.489;4.543.853;0;;;;
4.551.424;4.547.802;0;;;;
4.555.540;4.551.757;0;;;;
4.559.389;4.555.843;0;;;;
4.563.377;4.559.726;0;;;;
4.569.654;4.564.093;0;;;;
4.582.850;4.571.192;0;;;;
4.596.317;4.584.531;0;;;;
4.605.440;4.597.129;0;;;;
4.609.717;4.605.810;0;;;;
4.613.836;4.610.065;0;;;;
4.617.849;4.614.164;0;;;;
4.622.289;4.618.193;0;;;;
4.626.154;4.622.619;0;;;;
4.630.146;4.626.448;0;;;;
4.634.219;4.630.500;0;;;;
4.638.111;4.634.538;0;;;;
4.642.043;4.638.402;0;;;;
4.646.087;4.642.380;0;;;;
4.650.067;4.646.389;0;;;;
4.654.076;4.650.376;0;;;;
4.658.134;4.654.398;0;;;;
4.662.089;4.658.437;0;;;;
4.666.181;4.662.451;0;;;;
4.670.111;4.666.524;0;;;;
4.674.016;4.670.402;0;;;;
4.678.053;4.674.324;0;;;;
4.682.127;4.678.403;0;;;;
4.686.015;4.682.437;0;;;;
4.689.974;4.686.310;0;;;;
4.693.891;4.690.278;0;;;;
4.697.876;4.694.213;0;;;;
4.701.732;4.698.200;0;;;;
4.705.789;4.702.045;0;;;;
4.709.782;4.706.092;0;;;;
4.713.699;4.710.095;0;;;;
4.717.638;4.713.999;0;;;;
4.721.541;4.717.964;0;;;;
4.725.433;4.721.838;0;;;;
4.729.342;4.725.719;0;;;;
4.733.431;4.729.675;0;;;;
4.737.388;4.733.749;0;;;;
4.741.265;4.737.693;0;;;;
4.745.224;4.741.582;0;;;;
4.749.102;4.745.550;0;;;;
4.753.102;4.749.422;0;;;;
4.756.993;4.753.416;0;;;;
4.761.018;4.757.292;0;;;;
4.765.108;4.761.328;0;;;;
4.769.056;4.765.408;0;;;;
4.772.966;4.769.349;0;;;;
4.776.892;4.773.271;0;;;;
4.780.835;4.777.227;0;;;;
4.784.836;4.781.143;0;;;;
4.788.699;4.785.127;0;;;;
4.792.744;4.789.008;0;;;;
4.796.664;4.793.070;0;;;;
4.800.524;4.796.970;0;;;;
4.804.352;4.800.823;0;;;;
4.808.229;4.804.673;0;;;;
4.812.283;4.808.566;0;;;;
4.816.285;4.812.623;0;;;;
4.820.266;4.816.605;0;;;;
4.824.228;4.820.568;0;;;;
4.828.337;4.824.550;0;;;;
4.832.369;4.828.676;0;;;;
4.836.349;4.832.666;0;;;;
4.840.397;4.836.660;0;;;;
4.844.425;4.840.730;0;;;;
4.848.305;4.844.742;0;;;;
4.852.328;4.848.648;0;;;;
4.856.402;4.852.659;0;;;;
4.860.353;4.856.744;0;;;;
4.864.342;4.860.695;0;;;;
4.868.180;4.864.648;0;;;;
4.872.097;4.868.496;0;;;;
4.876.074;4.872.410;0;;;;
4.880.064;4.876.381;0;;;;
4.884.043;4.880.410;0;;;;
4.887.966;4.884.367;0;;;;
4.891.868;4.888.257;0;;;;
4.895.812;4.892.183;0;;;;
4.899.798;4.896.133;0;;;;
4.903.658;4.900.089;0;;;;
4.907.506;4.903.948;0;;;;
4.911.459;4.907.838;0;;;;
4.915.513;4.911.778;0;;;;
4.919.435;4.915.843;0;;;;
4.923.352;4.919.753;0;;;;
4.927.240;4.923.644;0;;;;
4.931.166;4.927.561;0;;;;
4.935.027;4.931.480;0;;;;
4.938.889;4.935.340;0;;;;
4.942.750;4.939.205;0;;;;
4.946.656;4.943.045;0;;;;
4.950.599;4.946.951;0;;;;
4.954.579;4.950.907;0;;;;
4.958.486;4.954.898;0;;;;
4.962.390;4.958.797;0;;;;
4.966.201;4.962.706;0;;;;
4.970.197;4.966.510;0;;;;
4.974.111;4.970.505;0;;;;
4.978.055;4.974.406;0;;;;
4.981.996;4.978.354;0;;;;
4.985.878;4.982.299;0;;;;
4.989.757;4.986.202;0;;;;
4.993.783;4.990.089;0;;;;
4.997.610;4.994.075;0;;;;
5.001.506;4.997.900;0;;;;
5.005.508;5.001.803;0;;;;
5.009.459;5.005.813;0;;;;
5.013.409;5.009.780;0;;;;
5.017.357;5.013.742;0;;;;
5.022.045;5.017.786;0;;;;
5.026.020;5.022.392;0;;;;
5.030.026;5.026.388;0;;;;
5.034.067;5.030.334;0;;;;
5.038.132;5.034.417;0;;;;
5.042.116;5.038.447;0;;;;
5.046.051;5.042.412;0;;;;
5.049.954;5.046.369;0;;;;
5.053.945;5.050.254;0;;;;
5.057.845;5.054.246;0;;;;
5.061.780;5.058.170;0;;;;
5.065.592;5.062.085;0;;;;
5.069.590;5.065.914;0;;;;
5.073.542;5.069.882;0;;;;
5.077.476;5.073.875;0;;;;
5.081.453;5.077.795;0;;;;
5.085.538;5.081.808;0;;;;
5.089.593;5.085.859;0;;;;
5.093.541;5.089.907;0;;;;
5.097.524;5.093.900;0;;;;
5.101.457;5.097.862;0;;;;
5.105.410;5.101.773;0;;;;
5.109.292;5.105.708;0;;;;
5.113.370;5.109.617;0;;;;
5.117.312;5.113.690;0;;;;
5.121.351;5.117.660;0;;;;
5.125.230;5.121.690;0;;;;
5.129.379;5.125.621;0;;;;
5.133.519;5.129.704;0;;;;
5.137.640;5.133.873;0;;;;
5.141.550;5.137.999;0;;;;
5.145.547;5.141.872;0;;;;
5.149.584;5.145.881;0;;;;
5.153.597;5.149.902;0;;;;
5.157.640;5.153.920;0;;;;
5.161.541;5.157.946;0;;;;
5.165.774;5.161.923;0;;;;
5.169.711;5.166.063;0;;;;
5.173.729;5.170.037;0;;;;
5.177.724;5.174.026;0;;;;
5.181.783;5.178.038;0;;;;
5.185.820;5.182.099;0;;;;
5.189.774;5.186.130;0;;;;
5.193.647;5.190.080;0;;;;
5.197.620;5.193.989;0;;;;
5.201.800;5.197.967;0;;;;
5.205.843;5.202.138;0;;;;
5.209.847;5.206.142;0;;;;
5.213.871;5.210.148;0;;;;
5.217.902;5.214.172;0;;;;
5.221.946;5.218.220;0;;;;
5.225.848;5.222.252;0;;;;
5.229.796;5.226.194;0;;;;
5.233.769;5.230.120;0;;;;
5.237.730;5.234.074;0;;;;
5.241.648;5.238.052;0;;;;
5.245.668;5.241.948;0;;;;
5.249.655;5.245.992;0;;;;
5.253.727;5.249.987;0;;;;
5.257.663;5.254.021;0;;;;
5.261.667;5.257.989;0;;;;
5.265.815;5.262.022;0;;;;
5.269.759;5.266.156;0;;;;
5.273.818;5.270.094;0;;;;
5.277.790;5.274.151;0;;;;
5.281.932;5.278.142;0;;;;
5.285.904;5.282.292;0;;;;
5.290.000;5.286.268;0;;;;
5.294.192;5.290.349;0;;;;
5.298.188;5.294.513;0;;;;
5.302.266;5.298.495;0;;;;
5.306.123;5.302.604;0;;;;
5.310.201;5.306.448;0;;;;
5.314.291;5.310.530;0;;;;
5.318.209;5.314.613;0;;;;
5.322.275;5.318.518;0;;;;
5.326.257;5.322.598;0;;;;
5.330.469;5.326.595;0;;;;
5.334.403;5.330.811;0;;;;
5.338.445;5.334.732;0;;;;
5.342.558;5.338.761;0;;;;
5.346.429;5.342.893;0;;;;
5.350.322;5.346.759;0;;;;
5.354.326;5.350.665;0;;;;
5.358.254;5.354.611;0;;;;
5.362.330;5.358.561;0;;;;
5.366.428;5.362.655;0;;;;
5.370.424;5.366.760;0;;;;
5.374.409;5.370.768;0;;;;
5.378.517;5.374.781;0;;;;
5.382.486;5.378.834;0;;;;
5.386.358;5.382.793;0;;;;
5.390.250;5.386.681;0;;;;
5.394.162;5.390.563;0;;;;
5.398.063;5.394.470;0;;;;
5.402.136;5.398.386;0;;;;
5.406.163;5.402.461;0;;;;
5.410.232;5.406.479;0;;;;
5.414.361;5.410.605;0;;;;
5.418.332;5.414.662;0;;;;
5.422.297;5.418.630;0;;;;
5.426.175;5.422.601;0;;;;
5.430.030;5.426.499;0;;;;
5.434.047;5.430.332;0;;;;
5.438.061;5.434.383;0;;;;
5.441.999;5.438.387;0;;;;
5.445.986;5.442.330;0;;;;
5.449.975;5.446.354;0;;;;
5.453.883;5.450.314;0;;;;
5.457.827;5.454.176;0;;;;
5.461.907;5.458.144;0;;;;
5.465.867;5.462.221;0;;;;
5.469.912;5.466.202;0;;;;
5.474.023;5.470.229;0;;;;
5.478.087;5.474.356;0;;;;
5.482.141;5.478.441;0;;;;
5.486.261;5.482.488;0;;;;
5.490.330;5.486.602;0;;;;
5.494.356;5.490.674;0;;;;
5.498.331;5.494.683;0;;;;
5.502.392;5.498.662;0;;;;
5.506.413;5.502.714;0;;;;
5.510.420;5.506.720;0;;;;
5.514.400;5.510.720;0;;;;
5.518.374;5.514.700;0;;;;
5.522.394;5.518.727;0;;;;
5.526.365;5.522.736;0;;;;
5.530.338;5.526.720;0;;;;
5.534.310;5.530.649;0;;;;
5.538.306;5.534.600;0;;;;
5.542.391;5.538.624;0;;;;
5.546.345;5.542.698;0;;;;
5.550.156;5.546.655;0;;;;
5.554.101;5.550.463;0;;;;
5.558.081;5.554.419;0;;;;
5.562.113;5.558.402;0;;;;
5.565.990;5.562.405;0;;;;
5.569.926;5.566.336;0;;;;
5.573.752;5.570.222;0;;;;
5.577.787;5.574.069;0;;;;
5.581.685;5.578.088;0;;;;
5.585.609;5.581.973;0;;;;
5.589.632;5.585.915;0;;;;
5.593.702;5.589.975;0;;;;
5.597.747;5.594.052;0;;;;
5.601.827;5.598.052;0;;;;
5.605.928;5.602.157;0;;;;
5.609.968;5.606.249;0;;;;
5.614.041;5.610.340;0;;;;
5.618.031;5.614.335;0;;;;
5.621.952;5.618.372;0;;;;
5.625.901;5.622.258;0;;;;
5.630.082;5.626.253;0;;;;
5.634.077;5.630.408;0;;;;
5.638.070;5.634.428;0;;;;
5.642.056;5.638.381;0;;;;
5.645.982;5.642.369;0;;;;
5.649.963;5.646.284;0;;;;
5.654.008;5.650.279;0;;;;
5.658.015;5.654.324;0;;;;
5.663.264;5.658.459;0;;;;
5.667.105;5.663.577;0;;;;
5.671.027;5.667.415;0;;;;
5.675.030;5.671.326;0;;;;
5.678.925;5.675.330;0;;;;
5.682.986;5.679.259;0;;;;
5.686.963;5.683.292;0;;;;
5.690.861;5.687.262;0;;;;
5.694.790;5.691.162;0;;;;
5.698.723;5.695.134;0;;;;
5.702.667;5.699.057;0;;;;
5.706.642;5.703.016;0;;;;
5.710.587;5.706.974;0;;;;
5.714.559;5.710.886;0;;;;
5.718.503;5.714.905;0;;;;
5.722.430;5.718.847;0;;;;
5.726.346;5.722.748;0;;;;
5.730.257;5.726.672;0;;;;
5.734.283;5.730.625;0;;;;
5.738.193;5.734.603;0;;;;
5.742.196;5.738.493;0;;;;
5.746.183;5.742.507;0;;;;
5.750.185;5.746.498;0;;;;
5.754.276;5.750.534;0;;;;
5.758.255;5.754.574;0;;;;
5.762.093;5.758.555;0;;;;
5.765.993;5.762.404;0;;;;
5.769.815;5.766.286;0;;;;
5.773.764;5.770.123;0;;;;
5.777.674;5.774.049;0;;;;
5.781.650;5.778.015;0;;;;
5.785.589;5.781.941;0;;;;
5.789.577;5.785.878;0;;;;
5.793.605;5.789.885;0;;;;
5.797.573;5.793.919;0;;;;
5.801.440;5.797.888;0;;;;
5.805.327;5.801.747;0;;;;
5.809.362;5.805.656;0;;;;
5.813.199;5.809.680;0;;;;
5.817.108;5.813.522;0;;;;
5.821.062;5.817.441;0;;;;
5.824.985;5.821.340;0;;;;
5.828.916;5.825.273;0;;;;
5.832.858;5.829.256;0;;;;
5.836.743;5.833.166;0;;;;
5.840.716;5.837.035;0;;;;
5.844.700;5.841.043;0;;;;
5.848.765;5.845.027;0;;;;
5.852.623;5.849.080;0;;;;
5.856.494;5.852.935;0;;;;
5.860.384;5.856.801;0;;;;
5.864.393;5.860.738;0;;;;
5.868.185;5.864.695;0;;;;
5.872.194;5.868.485;0;;;;
5.876.260;5.872.505;0;;;;
5.880.209;5.876.553;0;;;;
5.884.157;5.880.604;0;;;;
5.888.103;5.884.478;0;;;;
5.892.121;5.888.422;0;;;;
5.896.159;5.892.422;0;;;;
5.900.137;5.896.461;0;;;;
5.904.151;5.900.432;0;;;;
5.908.010;5.904.453;0;;;;
5.911.929;5.908.322;0;;;;
5.915.968;5.912.231;0;;;;
5.919.933;5.916.298;0;;;;
5.923.974;5.920.234;0;;;;
5.927.828;5.924.283;0;;;;
5.931.658;5.928.146;0;;;;
5.935.727;5.931.992;0;;;;
5.939.643;5.936.033;0;;;;
5.943.657;5.939.955;0;;;;
5.947.658;5.943.984;0;;;;
5.951.573;5.947.979;0;;;;
5.955.454;5.951.877;0;;;;
5.959.449;5.955.754;0;;;;
5.963.476;5.959.753;0;;;;
5.967.587;5.963.791;0;;;;
5.971.398;5.967.888;0;;;;
5.975.439;5.971.699;0;;;;
5.979.364;5.975.754;0;;;;
5.983.213;5.979.659;0;;;;
5.987.065;5.983.515;0;;;;
5.990.964;5.987.371;0;;;;
5.994.890;5.991.285;0;;;;
5.998.793;5.995.211;0;;;;
6.002.773;5.999.095;0;;;;
6.006.594;6.003.065;0;;;;
6.010.369;6.006.885;0;;;;
6.014.277;6.010.651;0;;;;
6.018.154;6.014.575;0;;;;
6.022.005;6.018.448;0;;;;
6.026.063;6.022.336;0;;;;
6.030.060;6.026.371;0;;;;
6.033.823;6.030.335;0;;;;
6.037.744;6.034.106;0;;;;
6.041.673;6.038.074;0;;;;
6.045.500;6.041.967;0;;;;
6.049.356;6.045.805;0;;;;
6.053.275;6.049.642;0;;;;
6.057.291;6.053.626;0;;;;
6.061.261;6.057.612;0;;;;
6.065.056;6.061.553;0;;;;
6.068.900;6.065.345;0;;;;
6.072.795;6.069.197;0;;;;
6.076.663;6.073.076;0;;;;
6.080.452;6.076.960;0;;;;
6.084.351;6.080.769;0;;;;
6.088.192;6.084.643;0;;;;
6.092.156;6.088.512;0;;;;
6.096.189;6.092.492;0;;;;
6.100.067;6.096.471;0;;;;
6.103.876;6.100.340;0;;;;
6.107.672;6.104.167;0;;;;
6.111.492;6.107.963;0;;;;
6.115.355;6.111.794;0;;;;
6.119.095;6.115.642;0;;;;
6.123.124;6.119.390;0;;;;
6.127.033;6.123.414;0;;;;
6.130.977;6.127.331;0;;;;
6.134.879;6.131.313;0;;;;
6.138.813;6.135.180;0;;;;
6.142.787;6.139.148;0;;;;
6.146.633;6.143.102;0;;;;
6.150.460;6.146.901;0;;;;
6.154.312;6.150.730;0;;;;
6.158.166;6.154.610;0;;;;
6.161.999;6.158.451;0;;;;
6.165.867;6.162.267;0;;;;
6.169.840;6.166.174;0;;;;
6.173.646;6.170.108;0;;;;
6.177.549;6.173.939;0;;;;
6.181.343;6.177.824;0;;;;
6.185.179;6.181.641;0;;;;
6.189.005;6.185.456;0;;;;
6.192.839;6.189.292;0;;;;
6.196.675;6.193.111;0;;;;
6.200.501;6.196.959;0;;;;
6.204.357;6.200.781;0;;;;
6.208.178;6.204.655;0;;;;
6.211.999;6.208.455;0;;;;
6.215.870;6.212.266;0;;;;
6.219.712;6.216.146;0;;;;
6.223.439;6.219.993;0;;;;
6.227.354;6.223.739;0;;;;
6.231.122;6.227.650;0;;;;
6.234.907;6.231.414;0;;;;
6.238.857;6.235.201;0;;;;
6.242.750;6.239.155;0;;;;
6.246.593;6.243.016;0;;;;
6.250.410;6.246.851;0;;;;
6.254.311;6.250.708;0;;;;
6.258.138;6.254.582;0;;;;
6.262.251;6.258.479;0;;;;
6.266.139;6.262.554;0;;;;
6.270.080;6.266.430;0;;;;
6.273.852;6.270.369;0;;;;
6.277.652;6.274.135;0;;;;
6.281.663;6.277.961;0;;;;
6.285.672;6.281.962;0;;;;
6.289.543;6.285.945;0;;;;
6.293.350;6.289.843;0;;;;
6.297.303;6.293.634;0;;;;
6.301.143;6.297.596;0;;;;
6.304.971;6.301.429;0;;;;
6.308.803;6.305.274;0;;;;
6.312.558;6.309.076;0;;;;
6.316.452;6.312.868;0;;;;
6.320.266;6.316.737;0;;;;
6.324.032;6.320.546;0;;;;
6.327.991;6.324.353;0;;;;
6.331.868;6.328.283;0;;;;
6.335.838;6.332.161;0;;;;
6.339.776;6.336.134;0;;;;
6.343.546;6.340.080;0;;;;
6.347.367;6.343.816;0;;;;
6.351.219;6.347.653;0;;;;
6.355.103;6.351.509;0;;;;
6.359.011;6.355.397;0;;;;
6.362.817;6.359.298;0;;;;
6.366.628;6.363.111;0;;;;
6.370.547;6.366.916;0;;;;
6.374.546;6.370.864;0;;;;
6.378.453;6.374.866;0;;;;
6.382.343;6.378.757;0;;;;
6.386.400;6.382.652;0;;;;
6.390.333;6.386.684;0;;;;
6.394.250;6.390.666;0;;;;
6.398.110;6.394.528;0;;;;
6.401.837;6.398.384;0;;;;
6.405.693;6.402.151;0;;;;
6.409.593;6.406.010;0;;;;
6.413.496;6.409.868;0;;;;
6.417.287;6.413.759;0;;;;
6.421.260;6.417.576;0;;;;
6.425.153;6.421.557;0;;;;
6.429.079;6.425.445;0;;;;
6.433.076;6.429.376;0;;;;
6.436.866;6.433.358;0;;;;
6.440.806;6.437.146;0;;;;
6.444.771;6.441.119;0;;;;
6.448.686;6.445.073;0;;;;
6.452.505;6.448.958;0;;;;
6.456.241;6.452.797;0;;;;
6.460.045;6.456.530;0;;;;
6.463.939;6.460.341;0;;;;
6.467.902;6.464.241;0;;;;
6.471.729;6.468.161;0;;;;
6.475.567;6.472.002;0;;;;
6.479.370;6.475.860;0;;;;
6.483.358;6.479.694;0;;;;
6.487.204;6.483.647;0;;;;
6.491.072;6.487.494;0;;;;
6.494.877;6.491.372;0;;;;
6.499.014;6.495.224;0;;;;
6.503.111;6.499.339;0;;;;
6.507.176;6.503.425;0;;;;
6.511.141;6.507.501;0;;;;
6.515.036;6.511.451;0;;;;
6.518.820;6.515.322;0;;;;
6.522.918;6.519.134;0;;;;
6.526.838;6.523.236;0;;;;
6.530.733;6.527.148;0;;;;
6.534.962;6.531.100;0;;;;
6.538.870;6.535.248;0;;;;
6.543.027;6.539.207;0;;;;
6.546.904;6.543.353;0;;;;
6.550.928;6.547.205;0;;;;
6.554.966;6.551.281;0;;;;
6.558.773;6.555.261;0;;;;
6.562.742;6.559.062;0;;;;
6.566.615;6.563.074;0;;;;
6.570.472;6.566.895;0;;;;
6.574.331;6.570.749;0;;;;
6.578.314;6.574.640;0;;;;
6.582.241;6.578.634;0;;;;
6.586.142;6.582.547;0;;;;
6.590.028;6.586.430;0;;;;
6.593.994;6.590.341;0;;;;
6.597.782;6.594.284;0;;;;
6.601.842;6.598.134;0;;;;
6.605.725;6.602.142;0;;;;
6.609.658;6.606.016;0;;;;
6.613.588;6.609.938;0;;;;
6.617.397;6.613.882;0;;;;
6.621.302;6.617.696;0;;;;
6.625.206;6.621.612;0;;;;
6.629.467;6.625.574;0;;;;
6.633.762;6.629.792;0;;;;
6.637.734;6.634.049;0;;;;
6.641.621;6.638.049;0;;;;
6.645.700;6.641.929;0;;;;
6.649.651;6.646.023;0;;;;
6.653.535;6.650.017;0;;;;
6.657.380;6.653.835;0;;;;
6.661.186;6.657.668;0;;;;
6.665.206;6.661.516;0;;;;
6.669.150;6.665.513;0;;;;
6.673.062;6.669.470;0;;;;
6.677.147;6.673.391;0;;;;
6.680.989;6.677.447;0;;;;
6.684.963;6.681.322;0;;;;
6.688.728;6.685.240;0;;;;
6.692.680;6.689.025;0;;;;
6.696.965;6.693.029;0;;;;
6.701.636;6.697.382;0;;;;
6.706.221;6.702.115;0;;;;
6.710.975;6.706.609;0;;;;
6.715.316;6.711.308;0;;;;
6.719.535;6.715.695;0;;;;
6.723.521;6.719.867;0;;;;
6.727.310;6.723.809;0;;;;
6.731.210;6.727.604;0;;;;
6.735.040;6.731.517;0;;;;
6.738.935;6.735.354;0;;;;
6.742.905;6.739.227;0;;;;
6.746.754;6.743.199;0;;;;
6.750.600;6.747.033;0;;;;
6.754.408;6.750.892;0;;;;
6.758.376;6.754.709;0;;;;
6.762.368;6.758.728;0;;;;
6.766.329;6.762.655;0;;;;
6.770.219;6.766.617;0;;;;
6.774.231;6.770.549;0;;;;
6.778.162;6.774.520;0;;;;
6.782.049;6.778.517;0;;;;
6.786.014;6.782.332;0;;;;
6.789.857;6.786.329;0;;;;
6.793.953;6.790.173;0;;;;
6.797.918;6.794.241;0;;;;
6.801.890;6.798.238;0;;;;
6.805.692;6.802.177;0;;;;
6.809.645;6.806.038;0;;;;
6.813.526;6.809.985;0;;;;
6.817.371;6.813.828;0;;;;
6.821.239;6.817.688;0;;;;
6.825.138;6.821.545;0;;;;
6.828.910;6.825.417;0;;;;
6.832.690;6.829.191;0;;;;
6.836.584;6.833.012;0;;;;
6.840.371;6.836.890;0;;;;
6.844.368;6.840.681;0;;;;
6.848.172;6.844.646;0;;;;
6.852.061;6.848.475;0;;;;
6.856.032;6.852.354;0;;;;
6.860.011;6.856.353;0;;;;
6.863.771;6.860.281;0;;;;
6.867.573;6.864.063;0;;;;
6.871.339;6.867.884;0;;;;
6.875.140;6.871.632;0;;;;
6.879.064;6.875.411;0;;;;
6.882.978;6.879.374;0;;;;
6.886.789;6.883.264;0;;;;
6.890.535;6.887.064;0;;;;
6.894.466;6.890.844;0;;;;
6.898.403;6.894.755;0;;;;
6.902.327;6.898.683;0;;;;
6.906.170;6.902.627;0;;;;
6.909.891;6.906.441;0;;;;
6.913.684;6.910.186;0;;;;
6.917.535;6.913.984;0;;;;
6.921.542;6.917.824;0;;;;
6.925.506;6.921.873;0;;;;
6.929.436;6.925.789;0;;;;
6.933.342;6.929.735;0;;;;
6.937.081;6.933.616;0;;;;
6.940.879;6.937.364;0;;;;
6.944.848;6.941.164;0;;;;
6.948.721;6.945.126;0;;;;
6.952.563;6.949.005;0;;;;
6.956.477;6.952.835;0;;;;
6.960.425;6.956.773;0;;;;
6.964.335;6.960.707;0;;;;
6.968.138;6.964.631;0;;;;
6.971.958;6.968.423;0;;;;
6.975.818;6.972.249;0;;;;
6.979.623;6.976.095;0;;;;
6.983.491;6.979.895;0;;;;
6.987.517;6.983.769;0;;;;
6.991.521;6.987.849;0;;;;
6.995.404;6.991.833;0;;;;
6.999.202;6.995.674;0;;;;
7.003.264;6.999.530;0;;;;
7.007.004;7.003.551;0;;;;
7.011.009;7.007.295;0;;;;
7.014.930;7.011.283;0;;;;
7.018.785;7.015.209;0;;;;
7.022.768;7.019.118;0;;;;
7.026.649;7.023.075;0;;;;
7.030.697;7.026.940;0;;;;
7.034.530;7.030.967;0;;;;
7.038.450;7.034.892;0;;;;
7.042.351;7.038.818;0;;;;
7.046.390;7.042.651;0;;;;
7.050.378;7.046.682;0;;;;
7.054.257;7.050.652;0;;;;
7.058.177;7.054.559;0;;;;
7.062.036;7.058.458;0;;;;
7.066.077;7.062.334;0;;;;
7.069.818;7.066.354;0;;;;
7.073.766;7.070.133;0;;;;
7.077.723;7.074.099;0;;;;
7.081.603;7.078.005;0;;;;
7.085.624;7.081.906;0;;;;
7.089.474;7.085.929;0;;;;
7.093.425;7.089.792;0;;;;
7.097.214;7.093.716;0;;;;
7.101.087;7.097.502;0;;;;
7.105.069;7.101.432;0;;;;
7.109.044;7.105.359;0;;;;
7.113.020;7.109.338;0;;;;
7.116.884;7.113.300;0;;;;
7.120.740;7.117.159;0;;;;
7.124.640;7.121.041;0;;;;
7.128.550;7.125.001;0;;;;
7.132.406;7.128.844;0;;;;
7.136.139;7.132.680;0;;;;
7.140.132;7.136.426;0;;;;
7.144.062;7.140.435;0;;;;
7.148.045;7.144.371;0;;;;
7.151.798;7.148.324;0;;;;
7.155.626;7.152.088;0;;;;
7.159.381;7.155.898;0;;;;
7.163.246;7.159.650;0;;;;
7.167.240;7.163.536;0;;;;
7.171.009;7.167.541;0;;;;
7.174.874;7.171.309;0;;;;
7.178.671;7.175.162;0;;;;
7.182.700;7.178.964;0;;;;
7.186.580;7.183.000;0;;;;
7.190.486;7.186.904;0;;;;
7.194.396;7.190.792;0;;;;
7.198.337;7.194.686;0;;;;
7.202.249;7.198.639;0;;;;
7.206.213;7.202.543;0;;;;
7.210.041;7.206.503;0;;;;
7.214.037;7.210.363;0;;;;
7.217.884;7.214.315;0;;;;
7.221.783;7.218.172;0;;;;
7.225.684;7.222.089;0;;;;
7.229.516;7.225.975;0;;;;
7.233.443;7.229.816;0;;;;
7.237.236;7.233.730;0;;;;
7.241.074;7.237.507;0;;;;
7.245.013;7.241.350;0;;;;
7.248.862;7.245.297;0;;;;
7.252.642;7.249.147;0;;;;
7.256.350;7.252.914;0;;;;
7.260.273;7.256.665;0;;;;
7.264.115;7.260.541;0;;;;
7.267.892;7.264.388;0;;;;
7.271.682;7.268.200;0;;;;
7.275.583;7.271.959;0;;;;
7.279.536;7.275.896;0;;;;
7.283.378;7.279.805;0;;;;
7.287.284;7.283.675;0;;;;
7.291.095;7.287.551;0;;;;
7.294.919;7.291.380;0;;;;
7.298.776;7.295.195;0;;;;
7.302.756;7.299.122;0;;;;
7.306.610;7.303.034;0;;;;
7.310.334;7.306.888;0;;;;
7.314.369;7.310.647;0;;;;
7.318.111;7.314.642;0;;;;
7.321.989;7.318.409;0;;;;
7.325.830;7.322.274;0;;;;
7.329.765;7.326.131;0;;;;
7.333.693;7.330.043;0;;;;
7.337.448;7.333.973;0;;;;
7.341.228;7.337.742;0;;;;
7.345.167;7.341.543;0;;;;
7.349.111;7.345.465;0;;;;
7.353.005;7.349.438;0;;;;
7.356.857;7.353.314;0;;;;
7.360.840;7.357.170;0;;;;
7.364.795;7.361.157;0;;;;
7.368.802;7.365.115;0;;;;
7.372.640;7.369.092;0;;;;
7.376.564;7.372.936;0;;;;
7.380.447;7.376.875;0;;;;
7.384.319;7.380.745;0;;;;
7.388.135;7.384.632;0;;;;
7.392.093;7.388.434;0;;;;
7.395.990;7.392.408;0;;;;
7.399.898;7.396.309;0;;;;
7.403.762;7.400.179;0;;;;
7.407.586;7.404.035;0;;;;
7.411.531;7.407.914;0;;;;
7.415.401;7.411.797;0;;;;
7.419.370;7.415.692;0;;;;
7.423.319;7.419.683;0;;;;
7.427.241;7.423.611;0;;;;
7.431.050;7.427.529;0;;;;
7.435.001;7.431.341;0;;;;
7.438.872;7.435.334;0;;;;
7.442.768;7.439.183;0;;;;
7.446.546;7.443.065;0;;;;
7.450.438;7.446.850;0;;;;
7.454.634;7.450.796;0;;;;
7.460.658;7.455.463;0;;;;
7.467.108;7.461.451;0;;;;
7.474.569;7.468.123;0;;;;
7.482.627;7.475.692;0;;;;
7.489.421;7.483.398;0;;;;
7.501.038;7.491.992;0;;;;
7.507.083;7.501.698;0;;;;
7.513.331;7.507.762;0;;;;
7.517.929;7.513.734;0;;;;
7.523.711;7.518.517;0;;;;
7.529.615;7.524.235;0;;;;
7.535.452;7.530.153;0;;;;
7.541.094;7.535.974;0;;;;
7.546.991;7.541.618;0;;;;
7.552.737;7.547.509;0;;;;
7.558.827;7.553.247;0;;;;
7.564.854;7.559.350;0;;;;
7.570.736;7.565.406;0;;;;
7.576.736;7.571.276;0;;;;
7.581.531;7.577.146;0;;;;
7.585.521;7.581.864;0;;;;
7.589.566;7.585.910;0;;;;
7.593.815;7.589.914;0;;;;
7.597.808;7.594.156;0;;;;
7.601.777;7.598.139;0;;;;
7.605.677;7.602.069;0;;;;
7.609.649;7.605.969;0;;;;
7.613.581;7.609.952;0;;;;
7.617.481;7.613.899;0;;;;
7.621.387;7.617.802;0;;;;
7.625.230;7.621.695;0;;;;
7.629.108;7.625.573;0;;;;
7.633.050;7.629.428;0;;;;
7.636.986;7.633.368;0;;;;
7.640.865;7.637.274;0;;;;
7.644.751;7.641.165;0;;;;
7.648.756;7.645.097;0;;;;
7.652.629;7.649.076;0;;;;
7.656.560;7.652.937;0;;;;
7.660.462;7.656.889;0;;;;
7.664.381;7.660.789;0;;;;
7.668.454;7.664.775;0;;;;
7.672.617;7.668.875;0;;;;
7.676.688;7.672.997;0;;;;
7.680.664;7.677.043;0;;;;
7.684.701;7.681.040;0;;;;
7.688.700;7.685.045;0;;;;
7.692.775;7.689.029;0;;;;
7.697.042;7.693.136;0;;;;
7.701.088;7.697.405;0;;;;
7.705.210;7.701.458;0;;;;
7.711.021;7.705.877;0;;;;
7.717.054;7.711.533;0;;;;
7.723.128;7.717.608;0;;;;
7.729.019;7.723.680;0;;;;
7.734.927;7.729.571;0;;;;
7.740.708;7.735.489;0;;;;
7.746.265;7.741.236;0;;;;
7.752.152;7.746.910;0;;;;
7.758.168;7.752.729;0;;;;
7.763.581;7.758.729;0;;;;
7.769.160;7.764.155;0;;;;
7.775.338;7.769.781;0;;;;
7.781.472;7.775.949;0;;;;
7.787.589;7.782.075;0;;;;
7.793.871;7.788.185;0;;;;
7.799.679;7.794.438;0;;;;
7.805.733;7.800.249;0;;;;
7.811.453;7.806.273;0;;;;
7.817.321;7.811.994;0;;;;
7.823.201;7.817.869;0;;;;
7.828.687;7.823.691;0;;;;
7.834.326;7.829.226;0;;;;
7.840.239;7.834.910;0;;;;
7.846.379;7.840.846;0;;;;
7.852.564;7.846.932;0;;;;
7.858.592;7.853.149;0;;;;
7.864.708;7.859.233;0;;;;
7.870.611;7.865.256;0;;;;
7.876.632;7.871.208;0;;;;
7.882.552;7.877.185;0;;;;
7.888.694;7.883.161;0;;;;
7.894.366;7.889.227;0;;;;
7.899.889;7.894.936;0;;;;
7.905.423;7.900.432;0;;;;
7.911.468;7.905.996;0;;;;
7.917.468;7.912.079;0;;;;
7.923.555;7.918.000;0;;;;
7.929.622;7.924.144;0;;;;
7.935.479;7.930.198;0;;;;
7.941.195;7.936.027;0;;;;
7.946.995;7.941.747;0;;;;
7.953.200;7.947.526;0;;;;
7.959.049;7.953.795;0;;;;
7.964.418;7.959.594;0;;;;
7.970.083;7.964.968;0;;;;
7.976.096;7.970.633;0;;;;
7.982.334;7.976.712;0;;;;
7.988.352;7.982.904;0;;;;
7.994.423;7.988.891;0;;;;
8.000.321;7.994.991;0;;;;
8.006.145;8.000.850;0;;;;
8.011.874;8.006.732;0;;;;
8.017.979;8.012.464;0;;;;
8.023.671;8.018.515;0;;;;
8.029.024;8.024.177;0;;;;
8.035.075;8.029.636;0;;;;
8.040.890;8.035.633;0;;;;
8.045.012;8.041.267;0;;;;
8.049.731;8.045.493;0;;;;
8.055.145;8.050.274;0;;;;
8.059.617;8.055.591;0;;;;
8.063.876;8.059.984;0;;;;
8.069.383;8.064.282;0;;;;
8.073.584;8.069.781;0;;;;
8.077.748;8.073.933;0;;;;
8.081.921;8.078.112;0;;;;
8.086.531;8.082.285;0;;;;
8.090.583;8.086.920;0;;;;
8.094.545;8.090.920;0;;;;
8.098.684;8.094.910;0;;;;
8.102.552;8.098.996;0;;;;
8.106.583;8.102.864;0;;;;
8.110.522;8.106.883;0;;;;
8.114.591;8.110.848;0;;;;
8.118.610;8.114.903;0;;;;
8.122.583;8.118.907;0;;;;
8.126.478;8.122.900;0;;;;
8.130.453;8.126.796;0;;;;
